{"cameraMode":{"drawMode":0,"name":"Shaded","section":"Shading Mode"},"sceneLighting":true,"audioPlay":false,"sceneViewState":{"showFog":true,"showMaterialUpdate":false,"showSkybox":true,"showFlares":true,"showImageEffects":true,"showParticleSystems":true},"in2DMode":false,"pivot":{"x":-2.007514715194702,"y":-17.932186126708986,"z":14.905109405517579},"rotation":{"x":-0.4139212369918823,"y":0.0618995800614357,"z":-0.028265858069062234,"w":-0.9077862501144409},"size":14.553658485412598,"orthographic":false}